                  epoch,         train/box_loss,         train/cls_loss,         train/dfl_loss,   metrics/precision(B),      metrics/recall(B),       metrics/mAP50(B),    metrics/mAP50-95(B),           val/box_loss,           val/cls_loss,           val/dfl_loss,                 lr/pg0,                 lr/pg1,                 lr/pg2
                      1,                 2.5706,                 5.9537,                 1.4359,                0.00143,                   0.43,                0.00201,                0.00064,                 2.1897,                 6.1276,                 1.2741,             0.00065333,             0.00065333,             0.00065333
                      2,                 2.1645,                 3.4278,                 1.3188,                0.71082,                   0.44,                 0.5112,                0.19798,                 2.2318,                 3.1186,                 1.5012,              0.0010586,              0.0010586,              0.0010586
                      3,                 2.0708,                 2.8551,                 1.2746,                0.69084,                0.58099,                0.56625,                 0.2361,                 2.0108,                 2.5295,                 1.3267,              0.0011999,              0.0011999,              0.0011999
                      4,                 1.9388,                 2.3561,                 1.2577,                0.77958,                    0.6,                0.62994,                0.23787,                 2.0179,                 2.6956,                 1.3805,               0.000812,               0.000812,               0.000812
                      5,                 1.8997,                 2.0987,                 1.2249,                0.74433,                  0.675,                0.68915,                0.27684,                 1.8658,                 1.9201,                 1.2096,               0.000812,               0.000812,               0.000812
