                  epoch,         train/box_loss,         train/cls_loss,         train/dfl_loss,   metrics/precision(B),      metrics/recall(B),       metrics/mAP50(B),    metrics/mAP50-95(B),           val/box_loss,           val/cls_loss,           val/dfl_loss,                 lr/pg0,                 lr/pg1,                 lr/pg2
                      1,                 3.6953,                 8.2976,                 2.4266,                  0.001,                    0.3,                0.00084,                0.00015,                  3.371,                 8.2292,                 1.4487,                  8e-05,                  8e-05,                  8e-05
                      2,                  3.215,                  7.208,                 1.9244,                 0.0015,                   0.45,                 0.0023,                0.00063,                 2.7451,                  7.503,                 1.2075,             0.00014436,             0.00014436,             0.00014436
                      3,                   2.74,                 5.8279,                 1.6012,                0.00033,                    0.1,                0.00028,                  9e-05,                 2.8981,                 7.6024,                 1.4784,             0.00016912,             0.00016912,             0.00016912
                      4,                 2.6646,                 5.4435,                 1.5294,                0.00067,                    0.2,                0.00088,                0.00035,                  2.828,                 7.9608,                 1.3331,             0.00015428,             0.00015428,             0.00015428
                      5,                 2.3502,                  4.485,                 1.4162,                0.00067,                    0.2,                0.00087,                0.00027,                 2.6138,                 7.1465,                  1.253,              9.984e-05,              9.984e-05,              9.984e-05
