                  epoch,         train/box_loss,         train/cls_loss,         train/dfl_loss,   metrics/precision(B),      metrics/recall(B),       metrics/mAP50(B),    metrics/mAP50-95(B),           val/box_loss,           val/cls_loss,           val/dfl_loss,                 lr/pg0,                 lr/pg1,                 lr/pg2
                      1,                 3.6953,                 8.2976,                 2.4266,                  0.001,                    0.3,                0.00084,                0.00015,                  3.371,                 8.2292,                 1.4487,                  8e-05,                  8e-05,                  8e-05
                      2,                 3.2245,                  7.246,                 1.9353,                 0.0015,                   0.45,                0.00228,                 0.0006,                 2.7899,                 7.4816,                  1.223,             0.00013545,             0.00013545,             0.00013545
                      3,                 2.7653,                 5.9195,                 1.6282,                0.00117,                   0.35,                0.00212,                0.00065,                 2.5466,                 6.6569,                 1.1648,              0.0001414,              0.0001414,              0.0001414
                      4,                 2.6722,                 5.6532,                 1.5092,                0.00117,                   0.35,                0.00219,                0.00065,                 2.6298,                 6.5318,                 1.1861,              9.785e-05,              9.785e-05,              9.785e-05
